id;title;description;param_1;param_2;param_3
1;as yellow;connect;West Intersex;Mandatory transmit;neighbour system Sedan
2;tan bypassing;Van;Fresh Sleek;Bike;deposit katal
3;East Electric;modular Northwest Hybrid;odio feed;Bentley;Hampshire
4;Georgia;Chicken;Radium China;Sausages but;Shirt turquoise sed
5;Internal;Hill solution Hyundai;orchestrate Israel Phoenix;Applications quisquam;grass Movies black
6;Borders brand;failing;Maserati;Centralized Southwest;brave parse
7;female haptic;website;Alabama fuchsia however;maroon angry;Keyboard array speedily
8;optical Hat;Tools male Frozen;that;yet;Ukraine kelvin
9;Tunnel Folk to;Central Customer;Soul neural Franc;Wooden;Chevrolet firewall
10;Sedan female Mountain;intranet magenta;highly oh Senior;reunion until zero;Account
