id;title;description;file_name;url
1;Tactics Mountain;brand;Northwest;https://long-pseudoscience.biz
2;from;Factors Southeast pish;Trans verbally Southeast;http://elated-appearance.name
3;Lorain installation;Unbranded Savings;compress;http://made-up-moose.biz
4;Bentley Antelope hacking;Bedfordshire;Berkshire Cerium;http://incomparable-overcharge.net
5;intently Kansas anti;parse Loan;Visionary Jazz;http://profuse-loneliness.info
6;female;anenst Southeast Cis;Central payment Kentucky;http://rotating-aunt.com
7;navigating Erbium Facilitator;Gasoline;Tugrik Corporate artificial;http://elliptical-specialist.org
8;unleash Swaziland East;female quantify;South bypass;https://idealistic-veneer.net
9;Southeast;female gah;Coupe down Forward;http://precious-democrat.org
10;Manager West Biloxi;Table Metal schemas;Bicycle Loan loudly;https://magnificent-cashier.com
